Name	PrecentFrequency	ApproximateNumber	Rank
SMITH	1.006	2,501,922	1
JOHNSON	0.81	2,014,470	2
WILLIAMS	0.699	1,738,413	3
JONES	0.621	1,544,427	4
BROWN	0.621	1,544,427	5
DAVIS	0.48	1,193,760	6
MILLER	0.424	1,054,488	7
WILSON	0.339	843,093	8
MOORE	0.312	775,944	9
TAYLOR	0.311	773,457	10
ANDERSON	0.311	773,457	11
THOMAS	0.311	773,457	12
JACKSON	0.31	770,970	13
WHITE	0.279	693,873	14
HARRIS	0.275	683,925	15
MARTIN	0.273	678,951	16
THOMPSON	0.269	669,003	17
GARCIA	0.254	631,698	18
MARTINEZ	0.234	581,958	19
ROBINSON	0.233	579,471	20
CLARK	0.231	574,497	21
RODRIGUEZ	0.229	569,523	22
LEWIS	0.226	562,062	23
LEE	0.22	547,140	24
WALKER	0.219	544,653	25
HALL	0.2	497,400	26
ALLEN	0.199	494,913	27
YOUNG	0.193	479,991	28
HERNANDEZ	0.192	477,504	29
KING	0.19	472,530	30
WRIGHT	0.189	470,043	31
LOPEZ	0.187	465,069	32
HILL	0.187	465,069	33
SCOTT	0.185	460,095	34
GREEN	0.183	455,121	35
ADAMS	0.174	432,738	36
BAKER	0.171	425,277	37
GONZALEZ	0.166	412,842	38
NELSON	0.162	402,894	39
CARTER	0.162	402,894	40
MITCHELL	0.16	397,920	41
PEREZ	0.155	385,485	42
ROBERTS	0.153	380,511	43
TURNER	0.152	378,024	44
PHILLIPS	0.149	370,563	45
CAMPBELL	0.149	370,563	46
PARKER	0.146	363,102	47
EVANS	0.141	350,667	48
EDWARDS	0.137	340,719	49
COLLINS	0.134	333,258	50
STEWART	0.133	330,771	51
SANCHEZ	0.13	323,310	52
MORRIS	0.125	310,875	53
ROGERS	0.123	305,901	54
REED	0.122	303,414	55
COOK	0.12	298,440	56
MORGAN	0.118	293,466	57
BELL	0.117	290,979	58
MURPHY	0.117	290,979	59
BAILEY	0.115	286,005	60
RIVERA	0.113	281,031	61
COOPER	0.113	281,031	62
RICHARDSON	0.112	278,544	63
COX	0.11	273,570	64
HOWARD	0.11	273,570	65
WARD	0.108	268,596	66
TORRES	0.108	268,596	67
PETERSON	0.107	266,109	68
GRAY	0.106	263,622	69
RAMIREZ	0.105	261,135	70
JAMES	0.105	261,135	71
WATSON	0.103	256,161	72
BROOKS	0.103	256,161	73
KELLY	0.102	253,674	74
SANDERS	0.1	248,700	75
PRICE	0.099	246,213	76
BENNETT	0.099	246,213	77
WOOD	0.098	243,726	78
BARNES	0.097	241,239	79
ROSS	0.096	238,752	80
HENDERSON	0.095	236,265	81
COLEMAN	0.095	236,265	82
JENKINS	0.095	236,265	83
PERRY	0.094	233,778	84
POWELL	0.093	231,291	85
LONG	0.092	228,804	86
PATTERSON	0.092	228,804	87
HUGHES	0.092	228,804	88
FLORES	0.092	228,804	89
WASHINGTON	0.092	228,804	90
BUTLER	0.091	226,317	91
SIMMONS	0.091	226,317	92
FOSTER	0.091	226,317	93
GONZALES	0.087	216,369	94
BRYANT	0.087	216,369	95
ALEXANDER	0.085	211,395	96
RUSSELL	0.085	211,395	97
GRIFFIN	0.084	208,908	98
DIAZ	0.084	208,908	99
HAYES	0.083	206,421	100
MYERS	0.083	206,421	101
FORD	0.082	203,934	102
HAMILTON	0.082	203,934	103
GRAHAM	0.082	203,934	104
SULLIVAN	0.081	201,447	105
WALLACE	0.081	201,447	106
WOODS	0.08	198,960	107
COLE	0.08	198,960	108
WEST	0.08	198,960	109
JORDAN	0.078	193,986	110
OWENS	0.078	193,986	111
REYNOLDS	0.078	193,986	112
FISHER	0.077	191,499	113
ELLIS	0.077	191,499	114
HARRISON	0.076	189,012	115
GIBSON	0.075	186,525	116
MCDONALD	0.075	186,525	117
CRUZ	0.075	186,525	118
MARSHALL	0.075	186,525	119
ORTIZ	0.075	186,525	120
GOMEZ	0.075	186,525	121
MURRAY	0.074	184,038	122
FREEMAN	0.074	184,038	123
WELLS	0.073	181,551	124
WEBB	0.072	179,064	125
SIMPSON	0.07	174,090	126
STEVENS	0.07	174,090	127
TUCKER	0.07	174,090	128
PORTER	0.069	171,603	129
HUNTER	0.069	171,603	130
HICKS	0.069	171,603	131
CRAWFORD	0.068	169,116	132
HENRY	0.068	169,116	133
BOYD	0.068	169,116	134
MASON	0.068	169,116	135
MORALES	0.067	166,629	136
KENNEDY	0.067	166,629	137
WARREN	0.067	166,629	138
DIXON	0.066	164,142	139
RAMOS	0.066	164,142	140
REYES	0.066	164,142	141
BURNS	0.065	161,655	142
GORDON	0.065	161,655	143
SHAW	0.065	161,655	144
HOLMES	0.065	161,655	145
RICE	0.064	159,168	146
ROBERTSON	0.064	159,168	147
HUNT	0.063	156,681	148
BLACK	0.063	156,681	149
DANIELS	0.062	154,194	150
PALMER	0.062	154,194	151
MILLS	0.061	151,707	152
NICHOLS	0.06	149,220	153
GRANT	0.06	149,220	154
KNIGHT	0.06	149,220	155
FERGUSON	0.059	146,733	156
ROSE	0.059	146,733	157
STONE	0.059	146,733	158
HAWKINS	0.059	146,733	159
DUNN	0.058	144,246	160
PERKINS	0.058	144,246	161
HUDSON	0.058	144,246	162
SPENCER	0.057	141,759	163
GARDNER	0.057	141,759	164
STEPHENS	0.057	141,759	165
PAYNE	0.057	141,759	166
PIERCE	0.056	139,272	167
BERRY	0.056	139,272	168
MATTHEWS	0.056	139,272	169
ARNOLD	0.056	139,272	170
WAGNER	0.055	136,785	171
WILLIS	0.055	136,785	172
RAY	0.055	136,785	173
WATKINS	0.055	136,785	174
OLSON	0.055	136,785	175
CARROLL	0.055	136,785	176
DUNCAN	0.055	136,785	177
SNYDER	0.055	136,785	178
HART	0.054	134,298	179
CUNNINGHAM	0.054	134,298	180
BRADLEY	0.054	134,298	181
LANE	0.054	134,298	182
ANDREWS	0.054	134,298	183
RUIZ	0.054	134,298	184
HARPER	0.054	134,298	185
FOX	0.053	131,811	186
RILEY	0.053	131,811	187
ARMSTRONG	0.053	131,811	188
CARPENTER	0.053	131,811	189
WEAVER	0.053	131,811	190
GREENE	0.053	131,811	191
LAWRENCE	0.052	129,324	192
ELLIOTT	0.052	129,324	193
CHAVEZ	0.052	129,324	194
SIMS	0.052	129,324	195
AUSTIN	0.052	129,324	196
PETERS	0.052	129,324	197
KELLEY	0.052	129,324	198
FRANKLIN	0.051	126,837	199
LAWSON	0.051	126,837	200
FIELDS	0.051	126,837	201
GUTIERREZ	0.051	126,837	202
RYAN	0.051	126,837	203
SCHMIDT	0.051	126,837	204
CARR	0.051	126,837	205
VASQUEZ	0.051	126,837	206
CASTILLO	0.051	126,837	207
WHEELER	0.051	126,837	208
CHAPMAN	0.05	124,350	209
OLIVER	0.05	124,350	210
MONTGOMERY	0.049	121,863	211
RICHARDS	0.049	121,863	212
WILLIAMSON	0.049	121,863	213
JOHNSTON	0.049	121,863	214
BANKS	0.048	119,376	215
MEYER	0.048	119,376	216
BISHOP	0.048	119,376	217
MCCOY	0.048	119,376	218
HOWELL	0.048	119,376	219
ALVAREZ	0.048	119,376	220
MORRISON	0.048	119,376	221
HANSEN	0.047	116,889	222
FERNANDEZ	0.047	116,889	223
GARZA	0.047	116,889	224
HARVEY	0.047	116,889	225
LITTLE	0.046	114,402	226
BURTON	0.046	114,402	227
STANLEY	0.046	114,402	228
NGUYEN	0.046	114,402	229
GEORGE	0.046	114,402	230
JACOBS	0.046	114,402	231
REID	0.046	114,402	232
KIM	0.045	111,915	233
FULLER	0.045	111,915	234
LYNCH	0.045	111,915	235
DEAN	0.045	111,915	236
GILBERT	0.045	111,915	237
GARRETT	0.045	111,915	238
ROMERO	0.045	111,915	239
WELCH	0.044	109,428	240
LARSON	0.044	109,428	241
FRAZIER	0.044	109,428	242
BURKE	0.044	109,428	243
HANSON	0.043	106,941	244
DAY	0.043	106,941	245
MENDOZA	0.043	106,941	246
MORENO	0.043	106,941	247
BOWMAN	0.043	106,941	248
MEDINA	0.042	104,454	249
FOWLER	0.042	104,454	250
BREWER	0.042	104,454	251
HOFFMAN	0.042	104,454	252
CARLSON	0.042	104,454	253
SILVA	0.042	104,454	254
PEARSON	0.042	104,454	255
HOLLAND	0.042	104,454	256
DOUGLAS	0.041	101,967	257
FLEMING	0.041	101,967	258
JENSEN	0.041	101,967	259
VARGAS	0.041	101,967	260
BYRD	0.041	101,967	261
DAVIDSON	0.041	101,967	262
HOPKINS	0.041	101,967	263
MAY	0.04	99,480	264
TERRY	0.04	99,480	265
HERRERA	0.04	99,480	266
WADE	0.04	99,480	267
SOTO	0.04	99,480	268
WALTERS	0.04	99,480	269
CURTIS	0.04	99,480	270
NEAL	0.039	96,993	271
CALDWELL	0.039	96,993	272
LOWE	0.039	96,993	273
JENNINGS	0.039	96,993	274
BARNETT	0.039	96,993	275
GRAVES	0.039	96,993	276
JIMENEZ	0.039	96,993	277
HORTON	0.039	96,993	278
SHELTON	0.039	96,993	279
BARRETT	0.039	96,993	280
OBRIEN	0.039	96,993	281
CASTRO	0.039	96,993	282
SUTTON	0.038	94,506	283
GREGORY	0.038	94,506	284
MCKINNEY	0.038	94,506	285
LUCAS	0.038	94,506	286
MILES	0.038	94,506	287
CRAIG	0.038	94,506	288
RODRIQUEZ	0.037	92,019	289
CHAMBERS	0.037	92,019	290
HOLT	0.037	92,019	291
LAMBERT	0.037	92,019	292
FLETCHER	0.037	92,019	293
WATTS	0.037	92,019	294
BATES	0.037	92,019	295
HALE	0.037	92,019	296
RHODES	0.037	92,019	297
PENA	0.037	92,019	298
BECK	0.037	92,019	299
NEWMAN	0.036	89,532	300
HAYNES	0.036	89,532	301
MCDANIEL	0.036	89,532	302
MENDEZ	0.036	89,532	303
BUSH	0.036	89,532	304
VAUGHN	0.036	89,532	305
PARKS	0.035	87,045	306
DAWSON	0.035	87,045	307
SANTIAGO	0.035	87,045	308
NORRIS	0.035	87,045	309
HARDY	0.035	87,045	310
LOVE	0.035	87,045	311
STEELE	0.035	87,045	312
CURRY	0.035	87,045	313
POWERS	0.035	87,045	314
SCHULTZ	0.035	87,045	315
BARKER	0.035	87,045	316
GUZMAN	0.034	84,558	317
PAGE	0.034	84,558	318
MUNOZ	0.034	84,558	319
BALL	0.034	84,558	320
KELLER	0.034	84,558	321
CHANDLER	0.034	84,558	322
WEBER	0.034	84,558	323
LEONARD	0.034	84,558	324
WALSH	0.033	82,071	325
LYONS	0.033	82,071	326
RAMSEY	0.033	82,071	327
WOLFE	0.033	82,071	328
SCHNEIDER	0.033	82,071	329
MULLINS	0.033	82,071	330
BENSON	0.033	82,071	331
SHARP	0.033	82,071	332
BOWEN	0.033	82,071	333
DANIEL	0.033	82,071	334
BARBER	0.032	79,584	335
CUMMINGS	0.032	79,584	336
HINES	0.032	79,584	337
BALDWIN	0.032	79,584	338
GRIFFITH	0.032	79,584	339
VALDEZ	0.032	79,584	340
HUBBARD	0.032	79,584	341
SALAZAR	0.032	79,584	342
REEVES	0.032	79,584	343
WARNER	0.031	77,097	344
STEVENSON	0.031	77,097	345
BURGESS	0.031	77,097	346
SANTOS	0.031	77,097	347
TATE	0.031	77,097	348
CROSS	0.031	77,097	349
GARNER	0.031	77,097	350
MANN	0.031	77,097	351
MACK	0.031	77,097	352
MOSS	0.031	77,097	353
THORNTON	0.031	77,097	354
DENNIS	0.031	77,097	355
MCGEE	0.031	77,097	356
FARMER	0.03	74,610	357
DELGADO	0.03	74,610	358
AGUILAR	0.03	74,610	359
VEGA	0.03	74,610	360
GLOVER	0.03	74,610	361
MANNING	0.03	74,610	362
COHEN	0.03	74,610	363
HARMON	0.03	74,610	364
RODGERS	0.03	74,610	365
ROBBINS	0.03	74,610	366
NEWTON	0.03	74,610	367
TODD	0.03	74,610	368
BLAIR	0.03	74,610	369
HIGGINS	0.03	74,610	370
INGRAM	0.03	74,610	371
REESE	0.03	74,610	372
CANNON	0.03	74,610	373
STRICKLAND	0.03	74,610	374
TOWNSEND	0.03	74,610	375
POTTER	0.03	74,610	376
GOODWIN	0.03	74,610	377
WALTON	0.03	74,610	378
ROWE	0.029	72,123	379
HAMPTON	0.029	72,123	380
ORTEGA	0.029	72,123	381
PATTON	0.029	72,123	382
SWANSON	0.029	72,123	383
JOSEPH	0.029	72,123	384
FRANCIS	0.029	72,123	385
GOODMAN	0.029	72,123	386
MALDONADO	0.029	72,123	387
YATES	0.029	72,123	388
BECKER	0.029	72,123	389
ERICKSON	0.029	72,123	390
HODGES	0.029	72,123	391
RIOS	0.029	72,123	392
CONNER	0.029	72,123	393
ADKINS	0.029	72,123	394
WEBSTER	0.028	69,636	395
NORMAN	0.028	69,636	396
MALONE	0.028	69,636	397
HAMMOND	0.028	69,636	398
FLOWERS	0.028	69,636	399
COBB	0.028	69,636	400
MOODY	0.028	69,636	401
QUINN	0.028	69,636	402
BLAKE	0.028	69,636	403
MAXWELL	0.028	69,636	404
POPE	0.028	69,636	405
FLOYD	0.027	67,149	406
OSBORNE	0.027	67,149	407
PAUL	0.027	67,149	408
MCCARTHY	0.027	67,149	409
GUERRERO	0.027	67,149	410
LINDSEY	0.027	67,149	411
ESTRADA	0.027	67,149	412
SANDOVAL	0.027	67,149	413
GIBBS	0.027	67,149	414
TYLER	0.027	67,149	415
GROSS	0.027	67,149	416
FITZGERALD	0.027	67,149	417
STOKES	0.027	67,149	418
DOYLE	0.027	67,149	419
SHERMAN	0.027	67,149	420
SAUNDERS	0.027	67,149	421
WISE	0.027	67,149	422
COLON	0.027	67,149	423
GILL	0.027	67,149	424
ALVARADO	0.027	67,149	425
GREER	0.026	64,662	426
PADILLA	0.026	64,662	427
SIMON	0.026	64,662	428
WATERS	0.026	64,662	429
NUNEZ	0.026	64,662	430
BALLARD	0.026	64,662	431
SCHWARTZ	0.026	64,662	432
MCBRIDE	0.026	64,662	433
HOUSTON	0.026	64,662	434
CHRISTENSEN	0.026	64,662	435
KLEIN	0.026	64,662	436
PRATT	0.026	64,662	437
BRIGGS	0.026	64,662	438
PARSONS	0.026	64,662	439
MCLAUGHLIN	0.026	64,662	440
ZIMMERMAN	0.026	64,662	441
FRENCH	0.026	64,662	442
BUCHANAN	0.026	64,662	443
MORAN	0.026	64,662	444
COPELAND	0.025	62,175	445
ROY	0.025	62,175	446
PITTMAN	0.025	62,175	447
BRADY	0.025	62,175	448
MCCORMICK	0.025	62,175	449
HOLLOWAY	0.025	62,175	450
BROCK	0.025	62,175	451
POOLE	0.025	62,175	452
FRANK	0.025	62,175	453
LOGAN	0.025	62,175	454
OWEN	0.025	62,175	455
BASS	0.025	62,175	456
MARSH	0.025	62,175	457
DRAKE	0.025	62,175	458
WONG	0.025	62,175	459
JEFFERSON	0.025	62,175	460
PARK	0.025	62,175	461
MORTON	0.025	62,175	462
ABBOTT	0.025	62,175	463
SPARKS	0.025	62,175	464
PATRICK	0.024	59,688	465
NORTON	0.024	59,688	466
HUFF	0.024	59,688	467
CLAYTON	0.024	59,688	468
MASSEY	0.024	59,688	469
LLOYD	0.024	59,688	470
FIGUEROA	0.024	59,688	471
CARSON	0.024	59,688	472
BOWERS	0.024	59,688	473
ROBERSON	0.024	59,688	474
BARTON	0.024	59,688	475
TRAN	0.024	59,688	476
LAMB	0.024	59,688	477
HARRINGTON	0.024	59,688	478
CASEY	0.024	59,688	479
BOONE	0.024	59,688	480
CORTEZ	0.024	59,688	481
CLARKE	0.024	59,688	482
MATHIS	0.024	59,688	483
SINGLETON	0.024	59,688	484
WILKINS	0.024	59,688	485
CAIN	0.024	59,688	486
BRYAN	0.024	59,688	487
UNDERWOOD	0.024	59,688	488
HOGAN	0.024	59,688	489
MCKENZIE	0.023	57,201	490
COLLIER	0.023	57,201	491
LUNA	0.023	57,201	492
PHELPS	0.023	57,201	493
MCGUIRE	0.023	57,201	494
ALLISON	0.023	57,201	495
BRIDGES	0.023	57,201	496
WILKERSON	0.023	57,201	497
NASH	0.023	57,201	498
SUMMERS	0.023	57,201	499
ATKINS	0.023	57,201	500
WILCOX	0.023	57,201	501
PITTS	0.023	57,201	502
CONLEY	0.023	57,201	503
MARQUEZ	0.023	57,201	504
BURNETT	0.023	57,201	505
RICHARD	0.023	57,201	506
COCHRAN	0.023	57,201	507
CHASE	0.023	57,201	508
DAVENPORT	0.023	57,201	509
HOOD	0.023	57,201	510
GATES	0.023	57,201	511
CLAY	0.023	57,201	512
AYALA	0.023	57,201	513
SAWYER	0.023	57,201	514
ROMAN	0.023	57,201	515
VAZQUEZ	0.023	57,201	516
DICKERSON	0.023	57,201	517
HODGE	0.022	54,714	518
ACOSTA	0.022	54,714	519
FLYNN	0.022	54,714	520
ESPINOZA	0.022	54,714	521
NICHOLSON	0.022	54,714	522
MONROE	0.022	54,714	523
WOLF	0.022	54,714	524
MORROW	0.022	54,714	525
KIRK	0.022	54,714	526
RANDALL	0.022	54,714	527
ANTHONY	0.022	54,714	528
WHITAKER	0.022	54,714	529
OCONNOR	0.022	54,714	530
SKINNER	0.022	54,714	531
WARE	0.022	54,714	532
MOLINA	0.022	54,714	533
KIRBY	0.022	54,714	534
HUFFMAN	0.022	54,714	535
BRADFORD	0.022	54,714	536
CHARLES	0.022	54,714	537
GILMORE	0.022	54,714	538
DOMINGUEZ	0.022	54,714	539
ONEAL	0.022	54,714	540
BRUCE	0.022	54,714	541
LANG	0.021	52,227	542
COMBS	0.021	52,227	543
KRAMER	0.021	52,227	544
HEATH	0.021	52,227	545
HANCOCK	0.021	52,227	546
GALLAGHER	0.021	52,227	547
GAINES	0.021	52,227	548
SHAFFER	0.021	52,227	549
SHORT	0.021	52,227	550
WIGGINS	0.021	52,227	551
MATHEWS	0.021	52,227	552
MCCLAIN	0.021	52,227	553
FISCHER	0.021	52,227	554
WALL	0.021	52,227	555
SMALL	0.021	52,227	556
MELTON	0.021	52,227	557
HENSLEY	0.021	52,227	558
BOND	0.021	52,227	559
DYER	0.021	52,227	560
CAMERON	0.021	52,227	561
GRIMES	0.021	52,227	562
CONTRERAS	0.021	52,227	563
CHRISTIAN	0.021	52,227	564
WYATT	0.021	52,227	565
BAXTER	0.021	52,227	566
SNOW	0.021	52,227	567
MOSLEY	0.021	52,227	568
SHEPHERD	0.021	52,227	569
LARSEN	0.021	52,227	570
HOOVER	0.021	52,227	571
BEASLEY	0.02	49,740	572
GLENN	0.02	49,740	573
PETERSEN	0.02	49,740	574
WHITEHEAD	0.02	49,740	575
MEYERS	0.02	49,740	576
KEITH	0.02	49,740	577
GARRISON	0.02	49,740	578
VINCENT	0.02	49,740	579
SHIELDS	0.02	49,740	580
HORN	0.02	49,740	581
SAVAGE	0.02	49,740	582
OLSEN	0.02	49,740	583
SCHROEDER	0.02	49,740	584
HARTMAN	0.02	49,740	585
WOODARD	0.02	49,740	586
MUELLER	0.02	49,740	587
KEMP	0.02	49,740	588
DELEON	0.02	49,740	589
BOOTH	0.02	49,740	590
PATEL	0.02	49,740	591
CALHOUN	0.02	49,740	592
WILEY	0.02	49,740	593
EATON	0.02	49,740	594
CLINE	0.02	49,740	595
NAVARRO	0.02	49,740	596
HARRELL	0.02	49,740	597
LESTER	0.02	49,740	598
HUMPHREY	0.02	49,740	599
PARRISH	0.02	49,740	600
DURAN	0.02	49,740	601
HUTCHINSON	0.02	49,740	602
HESS	0.02	49,740	603
DORSEY	0.02	49,740	604
BULLOCK	0.02	49,740	605
ROBLES	0.02	49,740	606
BEARD	0.019	47,253	607
DALTON	0.019	47,253	608
AVILA	0.019	47,253	609
VANCE	0.019	47,253	610
RICH	0.019	47,253	611
BLACKWELL	0.019	47,253	612
YORK	0.019	47,253	613
JOHNS	0.019	47,253	614
BLANKENSHIP	0.019	47,253	615
TREVINO	0.019	47,253	616
SALINAS	0.019	47,253	617
CAMPOS	0.019	47,253	618
PRUITT	0.019	47,253	619
MOSES	0.019	47,253	620
CALLAHAN	0.019	47,253	621
GOLDEN	0.019	47,253	622
MONTOYA	0.019	47,253	623
HARDIN	0.019	47,253	624
GUERRA	0.019	47,253	625
MCDOWELL	0.019	47,253	626
CAREY	0.019	47,253	627
STAFFORD	0.019	47,253	628
GALLEGOS	0.019	47,253	629
HENSON	0.019	47,253	630
WILKINSON	0.019	47,253	631
BOOKER	0.019	47,253	632
MERRITT	0.019	47,253	633
MIRANDA	0.019	47,253	634
ATKINSON	0.019	47,253	635
ORR	0.019	47,253	636
DECKER	0.019	47,253	637
HOBBS	0.019	47,253	638
PRESTON	0.019	47,253	639
TANNER	0.019	47,253	640
KNOX	0.019	47,253	641
PACHECO	0.019	47,253	642
STEPHENSON	0.018	44,766	643
GLASS	0.018	44,766	644
ROJAS	0.018	44,766	645
SERRANO	0.018	44,766	646
MARKS	0.018	44,766	647
HICKMAN	0.018	44,766	648
ENGLISH	0.018	44,766	649
SWEENEY	0.018	44,766	650
STRONG	0.018	44,766	651
PRINCE	0.018	44,766	652
MCCLURE	0.018	44,766	653
CONWAY	0.018	44,766	654
WALTER	0.018	44,766	655
ROTH	0.018	44,766	656
MAYNARD	0.018	44,766	657
FARRELL	0.018	44,766	658
LOWERY	0.018	44,766	659
HURST	0.018	44,766	660
NIXON	0.018	44,766	661
WEISS	0.018	44,766	662
TRUJILLO	0.018	44,766	663
ELLISON	0.018	44,766	664
SLOAN	0.018	44,766	665
JUAREZ	0.018	44,766	666
WINTERS	0.018	44,766	667
MCLEAN	0.018	44,766	668
RANDOLPH	0.018	44,766	669
LEON	0.018	44,766	670
BOYER	0.018	44,766	671
VILLARREAL	0.018	44,766	672
MCCALL	0.018	44,766	673
GENTRY	0.018	44,766	674
CARRILLO	0.017	42,279	675
KENT	0.017	42,279	676
AYERS	0.017	42,279	677
LARA	0.017	42,279	678
SHANNON	0.017	42,279	679
SEXTON	0.017	42,279	680
PACE	0.017	42,279	681
HULL	0.017	42,279	682
LEBLANC	0.017	42,279	683
BROWNING	0.017	42,279	684
VELASQUEZ	0.017	42,279	685
LEACH	0.017	42,279	686
CHANG	0.017	42,279	687
HOUSE	0.017	42,279	688
SELLERS	0.017	42,279	689
HERRING	0.017	42,279	690
NOBLE	0.017	42,279	691
FOLEY	0.017	42,279	692
BARTLETT	0.017	42,279	693
MERCADO	0.017	42,279	694
LANDRY	0.017	42,279	695
DURHAM	0.017	42,279	696
WALLS	0.017	42,279	697
BARR	0.017	42,279	698
MCKEE	0.017	42,279	699
BAUER	0.017	42,279	700
RIVERS	0.017	42,279	701
EVERETT	0.017	42,279	702
BRADSHAW	0.017	42,279	703
PUGH	0.017	42,279	704
VELEZ	0.017	42,279	705
RUSH	0.017	42,279	706
ESTES	0.017	42,279	707
DODSON	0.017	42,279	708
MORSE	0.017	42,279	709
SHEPPARD	0.017	42,279	710
WEEKS	0.017	42,279	711
CAMACHO	0.017	42,279	712
BEAN	0.017	42,279	713
BARRON	0.017	42,279	714
LIVINGSTON	0.017	42,279	715
MIDDLETON	0.016	39,792	716
SPEARS	0.016	39,792	717
BRANCH	0.016	39,792	718
BLEVINS	0.016	39,792	719
CHEN	0.016	39,792	720
KERR	0.016	39,792	721
MCCONNELL	0.016	39,792	722
HATFIELD	0.016	39,792	723
HARDING	0.016	39,792	724
ASHLEY	0.016	39,792	725
SOLIS	0.016	39,792	726
HERMAN	0.016	39,792	727
FROST	0.016	39,792	728
GILES	0.016	39,792	729
BLACKBURN	0.016	39,792	730
WILLIAM	0.016	39,792	731
PENNINGTON	0.016	39,792	732
WOODWARD	0.016	39,792	733
FINLEY	0.016	39,792	734
MCINTOSH	0.016	39,792	735
KOCH	0.016	39,792	736
BEST	0.016	39,792	737
SOLOMON	0.016	39,792	738
MCCULLOUGH	0.016	39,792	739
DUDLEY	0.016	39,792	740
NOLAN	0.016	39,792	741
BLANCHARD	0.016	39,792	742
RIVAS	0.016	39,792	743
BRENNAN	0.016	39,792	744
MEJIA	0.016	39,792	745
KANE	0.016	39,792	746
BENTON	0.016	39,792	747
JOYCE	0.016	39,792	748
BUCKLEY	0.016	39,792	749
HALEY	0.016	39,792	750
VALENTINE	0.016	39,792	751
MADDOX	0.016	39,792	752
RUSSO	0.016	39,792	753
MCKNIGHT	0.016	39,792	754
BUCK	0.016	39,792	755
MOON	0.016	39,792	756
MCMILLAN	0.016	39,792	757
CROSBY	0.016	39,792	758
BERG	0.016	39,792	759
DOTSON	0.016	39,792	760
MAYS	0.016	39,792	761
ROACH	0.016	39,792	762
CHURCH	0.016	39,792	763
CHAN	0.016	39,792	764
RICHMOND	0.016	39,792	765
MEADOWS	0.016	39,792	766
FAULKNER	0.016	39,792	767
ONEILL	0.016	39,792	768
KNAPP	0.016	39,792	769
KLINE	0.015	37,305	770
BARRY	0.015	37,305	771
OCHOA	0.015	37,305	772
JACOBSON	0.015	37,305	773
GAY	0.015	37,305	774
AVERY	0.015	37,305	775
HENDRICKS	0.015	37,305	776
HORNE	0.015	37,305	777
SHEPARD	0.015	37,305	778
HEBERT	0.015	37,305	779
CHERRY	0.015	37,305	780
CARDENAS	0.015	37,305	781
MCINTYRE	0.015	37,305	782
WHITNEY	0.015	37,305	783
WALLER	0.015	37,305	784
HOLMAN	0.015	37,305	785
DONALDSON	0.015	37,305	786
CANTU	0.015	37,305	787
TERRELL	0.015	37,305	788
MORIN	0.015	37,305	789
GILLESPIE	0.015	37,305	790
FUENTES	0.015	37,305	791
TILLMAN	0.015	37,305	792
SANFORD	0.015	37,305	793
BENTLEY	0.015	37,305	794
PECK	0.015	37,305	795
KEY	0.015	37,305	796
SALAS	0.015	37,305	797
ROLLINS	0.015	37,305	798
GAMBLE	0.015	37,305	799
DICKSON	0.015	37,305	800
BATTLE	0.015	37,305	801
SANTANA	0.015	37,305	802
CABRERA	0.015	37,305	803
CERVANTES	0.015	37,305	804
HOWE	0.015	37,305	805
HINTON	0.015	37,305	806
HURLEY	0.015	37,305	807
SPENCE	0.015	37,305	808
ZAMORA	0.015	37,305	809
YANG	0.015	37,305	810
MCNEIL	0.015	37,305	811
SUAREZ	0.015	37,305	812
CASE	0.015	37,305	813
PETTY	0.015	37,305	814
GOULD	0.015	37,305	815
MCFARLAND	0.015	37,305	816
SAMPSON	0.015	37,305	817
CARVER	0.015	37,305	818
BRAY	0.015	37,305	819
ROSARIO	0.015	37,305	820
MACDONALD	0.015	37,305	821
STOUT	0.015	37,305	822
HESTER	0.015	37,305	823
MELENDEZ	0.015	37,305	824
DILLON	0.015	37,305	825
FARLEY	0.015	37,305	826
HOPPER	0.015	37,305	827
GALLOWAY	0.015	37,305	828
POTTS	0.015	37,305	829
BERNARD	0.015	37,305	830
JOYNER	0.014	34,818	831
STEIN	0.014	34,818	832
AGUIRRE	0.014	34,818	833
OSBORN	0.014	34,818	834
MERCER	0.014	34,818	835
BENDER	0.014	34,818	836
FRANCO	0.014	34,818	837
ROWLAND	0.014	34,818	838
SYKES	0.014	34,818	839
BENJAMIN	0.014	34,818	840
TRAVIS	0.014	34,818	841
PICKETT	0.014	34,818	842
CRANE	0.014	34,818	843
SEARS	0.014	34,818	844
MAYO	0.014	34,818	845
DUNLAP	0.014	34,818	846
HAYDEN	0.014	34,818	847
WILDER	0.014	34,818	848
MCKAY	0.014	34,818	849
COFFEY	0.014	34,818	850
MCCARTY	0.014	34,818	851
EWING	0.014	34,818	852
COOLEY	0.014	34,818	853
VAUGHAN	0.014	34,818	854
BONNER	0.014	34,818	855
COTTON	0.014	34,818	856
HOLDER	0.014	34,818	857
STARK	0.014	34,818	858
FERRELL	0.014	34,818	859
CANTRELL	0.014	34,818	860
FULTON	0.014	34,818	861
LYNN	0.014	34,818	862
LOTT	0.014	34,818	863
CALDERON	0.014	34,818	864
ROSA	0.014	34,818	865
POLLARD	0.014	34,818	866
HOOPER	0.014	34,818	867
BURCH	0.014	34,818	868
MULLEN	0.014	34,818	869
FRY	0.014	34,818	870
RIDDLE	0.014	34,818	871
LEVY	0.014	34,818	872
DAVID	0.014	34,818	873
DUKE	0.014	34,818	874
ODONNELL	0.014	34,818	875
GUY	0.014	34,818	876
MICHAEL	0.014	34,818	877
BRITT	0.014	34,818	878
FREDERICK	0.014	34,818	879
DAUGHERTY	0.014	34,818	880
BERGER	0.014	34,818	881
DILLARD	0.014	34,818	882
ALSTON	0.014	34,818	883
JARVIS	0.014	34,818	884
FRYE	0.014	34,818	885
RIGGS	0.014	34,818	886
CHANEY	0.014	34,818	887
ODOM	0.013	32,331	888
DUFFY	0.013	32,331	889
FITZPATRICK	0.013	32,331	890
VALENZUELA	0.013	32,331	891
MERRILL	0.013	32,331	892
MAYER	0.013	32,331	893
ALFORD	0.013	32,331	894
MCPHERSON	0.013	32,331	895
ACEVEDO	0.013	32,331	896
DONOVAN	0.013	32,331	897
BARRERA	0.013	32,331	898
ALBERT	0.013	32,331	899
COTE	0.013	32,331	900
REILLY	0.013	32,331	901
COMPTON	0.013	32,331	902
RAYMOND	0.013	32,331	903
MOONEY	0.013	32,331	904
MCGOWAN	0.013	32,331	905
CRAFT	0.013	32,331	906
CLEVELAND	0.013	32,331	907
CLEMONS	0.013	32,331	908
WYNN	0.013	32,331	909
NIELSEN	0.013	32,331	910
BAIRD	0.013	32,331	911
STANTON	0.013	32,331	912
SNIDER	0.013	32,331	913
ROSALES	0.013	32,331	914
BRIGHT	0.013	32,331	915
WITT	0.013	32,331	916
STUART	0.013	32,331	917
HAYS	0.013	32,331	918
HOLDEN	0.013	32,331	919
RUTLEDGE	0.013	32,331	920
KINNEY	0.013	32,331	921
CLEMENTS	0.013	32,331	922
CASTANEDA	0.013	32,331	923
SLATER	0.013	32,331	924
HAHN	0.013	32,331	925
EMERSON	0.013	32,331	926
CONRAD	0.013	32,331	927
BURKS	0.013	32,331	928
DELANEY	0.013	32,331	929
PATE	0.013	32,331	930
LANCASTER	0.013	32,331	931
SWEET	0.013	32,331	932
JUSTICE	0.013	32,331	933
TYSON	0.013	32,331	934
SHARPE	0.013	32,331	935
WHITFIELD	0.013	32,331	936
TALLEY	0.013	32,331	937
MACIAS	0.013	32,331	938
IRWIN	0.013	32,331	939
BURRIS	0.013	32,331	940
RATLIFF	0.013	32,331	941
MCCRAY	0.013	32,331	942
MADDEN	0.013	32,331	943
KAUFMAN	0.013	32,331	944
BEACH	0.013	32,331	945
GOFF	0.013	32,331	946
CASH	0.013	32,331	947
BOLTON	0.013	32,331	948
MCFADDEN	0.013	32,331	949
LEVINE	0.013	32,331	950
GOOD	0.013	32,331	951
BYERS	0.013	32,331	952
KIRKLAND	0.013	32,331	953
KIDD	0.013	32,331	954
WORKMAN	0.013	32,331	955
CARNEY	0.013	32,331	956
DALE	0.013	32,331	957
MCLEOD	0.013	32,331	958
HOLCOMB	0.013	32,331	959
ENGLAND	0.013	32,331	960
FINCH	0.013	32,331	961
HEAD	0.012	29,844	962
BURT	0.012	29,844	963
HENDRIX	0.012	29,844	964
SOSA	0.012	29,844	965
HANEY	0.012	29,844	966
FRANKS	0.012	29,844	967
SARGENT	0.012	29,844	968
NIEVES	0.012	29,844	969
DOWNS	0.012	29,844	970
RASMUSSEN	0.012	29,844	971
BIRD	0.012	29,844	972
HEWITT	0.012	29,844	973
LINDSAY	0.012	29,844	974
LE	0.012	29,844	975
FOREMAN	0.012	29,844	976
VALENCIA	0.012	29,844	977
ONEIL	0.012	29,844	978
DELACRUZ	0.012	29,844	979
VINSON	0.012	29,844	980
DEJESUS	0.012	29,844	981
HYDE	0.012	29,844	982
FORBES	0.012	29,844	983
GILLIAM	0.012	29,844	984
GUTHRIE	0.012	29,844	985
WOOTEN	0.012	29,844	986
HUBER	0.012	29,844	987
BARLOW	0.012	29,844	988
BOYLE	0.012	29,844	989
MCMAHON	0.012	29,844	990
BUCKNER	0.012	29,844	991
ROCHA	0.012	29,844	992
PUCKETT	0.012	29,844	993
LANGLEY	0.012	29,844	994
KNOWLES	0.012	29,844	995
COOKE	0.012	29,844	996
VELAZQUEZ	0.012	29,844	997
WHITLEY	0.012	29,844	998
NOEL	0.012	29,844	999
VANG	0.012	29,844	1000
SHEA	0.012	29,844	1001
ROUSE	0.012	29,844	1002
HARTLEY	0.012	29,844	1003
MAYFIELD	0.012	29,844	1004
ELDER	0.012	29,844	1005
RANKIN	0.012	29,844	1006
HANNA	0.012	29,844	1007
COWAN	0.012	29,844	1008
LUCERO	0.012	29,844	1009
ARROYO	0.012	29,844	1010
SLAUGHTER	0.012	29,844	1011
HAAS	0.012	29,844	1012
OCONNELL	0.012	29,844	1013
MINOR	0.012	29,844	1014
KENDRICK	0.012	29,844	1015
SHIRLEY	0.012	29,844	1016
KENDALL	0.012	29,844	1017
BOUCHER	0.012	29,844	1018
ARCHER	0.012	29,844	1019
BOGGS	0.012	29,844	1020
ODELL	0.012	29,844	1021
DOUGHERTY	0.012	29,844	1022
ANDERSEN	0.012	29,844	1023
NEWELL	0.012	29,844	1024
CROWE	0.012	29,844	1025
WANG	0.012	29,844	1026
FRIEDMAN	0.012	29,844	1027
BLAND	0.012	29,844	1028
SWAIN	0.012	29,844	1029
HOLLEY	0.012	29,844	1030
FELIX	0.012	29,844	1031
PEARCE	0.012	29,844	1032
CHILDS	0.012	29,844	1033
YARBROUGH	0.012	29,844	1034
GALVAN	0.012	29,844	1035
PROCTOR	0.012	29,844	1036
MEEKS	0.012	29,844	1037
LOZANO	0.012	29,844	1038
MORA	0.012	29,844	1039
RANGEL	0.012	29,844	1040
BACON	0.012	29,844	1041
VILLANUEVA	0.012	29,844	1042
SCHAEFER	0.012	29,844	1043
ROSADO	0.012	29,844	1044
HELMS	0.012	29,844	1045
BOYCE	0.012	29,844	1046
GOSS	0.012	29,844	1047
STINSON	0.011	27,357	1048
SMART	0.011	27,357	1049
LAKE	0.011	27,357	1050
IBARRA	0.011	27,357	1051
HUTCHINS	0.011	27,357	1052
COVINGTON	0.011	27,357	1053
REYNA	0.011	27,357	1054
GREGG	0.011	27,357	1055
WERNER	0.011	27,357	1056
CROWLEY	0.011	27,357	1057
HATCHER	0.011	27,357	1058
MACKEY	0.011	27,357	1059
BUNCH	0.011	27,357	1060
WOMACK	0.011	27,357	1061
POLK	0.011	27,357	1062
JAMISON	0.011	27,357	1063
DODD	0.011	27,357	1064
CHILDRESS	0.011	27,357	1065
CHILDERS	0.011	27,357	1066
CAMP	0.011	27,357	1067
VILLA	0.011	27,357	1068
DYE	0.011	27,357	1069
SPRINGER	0.011	27,357	1070
MAHONEY	0.011	27,357	1071
DAILEY	0.011	27,357	1072
BELCHER	0.011	27,357	1073
LOCKHART	0.011	27,357	1074
GRIGGS	0.011	27,357	1075
COSTA	0.011	27,357	1076
CONNOR	0.011	27,357	1077
BRANDT	0.011	27,357	1078
WINTER	0.011	27,357	1079
WALDEN	0.011	27,357	1080
MOSER	0.011	27,357	1081
TRACY	0.011	27,357	1082
TATUM	0.011	27,357	1083
MCCANN	0.011	27,357	1084
AKERS	0.011	27,357	1085
LUTZ	0.011	27,357	1086
PRYOR	0.011	27,357	1087
LAW	0.011	27,357	1088
OROZCO	0.011	27,357	1089
MCALLISTER	0.011	27,357	1090
LUGO	0.011	27,357	1091
DAVIES	0.011	27,357	1092
SHOEMAKER	0.011	27,357	1093
MADISON	0.011	27,357	1094
RUTHERFORD	0.011	27,357	1095
NEWSOME	0.011	27,357	1096
MAGEE	0.011	27,357	1097
CHAMBERLAIN	0.011	27,357	1098
BLANTON	0.011	27,357	1099
SIMMS	0.011	27,357	1100
GODFREY	0.011	27,357	1101
FLANAGAN	0.011	27,357	1102
CRUM	0.011	27,357	1103
CORDOVA	0.011	27,357	1104
ESCOBAR	0.011	27,357	1105
DOWNING	0.011	27,357	1106
SINCLAIR	0.011	27,357	1107
DONAHUE	0.011	27,357	1108
KRUEGER	0.011	27,357	1109
MCGINNIS	0.011	27,357	1110
GORE	0.011	27,357	1111
FARRIS	0.011	27,357	1112
WEBBER	0.011	27,357	1113
CORBETT	0.011	27,357	1114
ANDRADE	0.011	27,357	1115
STARR	0.011	27,357	1116
LYON	0.011	27,357	1117
YODER	0.011	27,357	1118
HASTINGS	0.011	27,357	1119
MCGRATH	0.011	27,357	1120
SPIVEY	0.011	27,357	1121
KRAUSE	0.011	27,357	1122
HARDEN	0.011	27,357	1123
CRABTREE	0.011	27,357	1124
KIRKPATRICK	0.011	27,357	1125
HOLLIS	0.011	27,357	1126
BRANDON	0.011	27,357	1127
ARRINGTON	0.011	27,357	1128
ERVIN	0.011	27,357	1129
CLIFTON	0.011	27,357	1130
RITTER	0.011	27,357	1131
MCGHEE	0.011	27,357	1132
BOLDEN	0.011	27,357	1133
MALONEY	0.011	27,357	1134
GAGNON	0.011	27,357	1135
DUNBAR	0.011	27,357	1136
PONCE	0.011	27,357	1137
PIKE	0.011	27,357	1138
MAYES	0.011	27,357	1139
HEARD	0.011	27,357	1140
BEATTY	0.011	27,357	1141
MOBLEY	0.011	27,357	1142
KIMBALL	0.011	27,357	1143
BUTTS	0.011	27,357	1144
MONTES	0.011	27,357	1145
HERBERT	0.011	27,357	1146
GRADY	0.011	27,357	1147
ELDRIDGE	0.011	27,357	1148
BRAUN	0.011	27,357	1149
HAMM	0.011	27,357	1150
GIBBONS	0.011	27,357	1151
SEYMOUR	0.011	27,357	1152
MOYER	0.011	27,357	1153
MANLEY	0.011	27,357	1154
HERRON	0.011	27,357	1155
PLUMMER	0.011	27,357	1156
ELMORE	0.011	27,357	1157
CRAMER	0.011	27,357	1158
GARY	0.011	27,357	1159
RUCKER	0.011	27,357	1160
HILTON	0.011	27,357	1161
BLUE	0.011	27,357	1162
PIERSON	0.011	27,357	1163
FONTENOT	0.011	27,357	1164
FIELD	0.011	27,357	1165
RUBIO	0.011	27,357	1166
GRACE	0.011	27,357	1167
GOLDSTEIN	0.011	27,357	1168
ELKINS	0.011	27,357	1169
WILLS	0.01	24,870	1170
NOVAK	0.01	24,870	1171
JOHN	0.01	24,870	1172
HICKEY	0.01	24,870	1173
WORLEY	0.01	24,870	1174
GORMAN	0.01	24,870	1175
KATZ	0.01	24,870	1176
DICKINSON	0.01	24,870	1177
BROUSSARD	0.01	24,870	1178
FRITZ	0.01	24,870	1179
WOODRUFF	0.01	24,870	1180
CROW	0.01	24,870	1181
CHRISTOPHER	0.01	24,870	1182
BRITTON	0.01	24,870	1183
FORREST	0.01	24,870	1184
NANCE	0.01	24,870	1185
LEHMAN	0.01	24,870	1186
BINGHAM	0.01	24,870	1187
ZUNIGA	0.01	24,870	1188
WHALEY	0.01	24,870	1189
SHAFER	0.01	24,870	1190
COFFMAN	0.01	24,870	1191
STEWARD	0.01	24,870	1192
DELAROSA	0.01	24,870	1193
NIX	0.01	24,870	1194
NEELY	0.01	24,870	1195
NUMBERS	0.01	24,870	1196
MATA	0.01	24,870	1197
MANUEL	0.01	24,870	1198
DAVILA	0.01	24,870	1199
MCCABE	0.01	24,870	1200
KESSLER	0.01	24,870	1201
EMERY	0.01	24,870	1202
BOWLING	0.01	24,870	1203
HINKLE	0.01	24,870	1204
WELSH	0.01	24,870	1205
PAGAN	0.01	24,870	1206
GOLDBERG	0.01	24,870	1207
GOINS	0.01	24,870	1208
CROUCH	0.01	24,870	1209
CUEVAS	0.01	24,870	1210
QUINONES	0.01	24,870	1211
MCDERMOTT	0.01	24,870	1212
HENDRICKSON	0.01	24,870	1213
SAMUELS	0.01	24,870	1214
DENTON	0.01	24,870	1215
BERGERON	0.01	24,870	1216
LAM	0.01	24,870	1217
IVEY	0.01	24,870	1218
LOCKE	0.01	24,870	1219
HAINES	0.01	24,870	1220
THURMAN	0.01	24,870	1221
SNELL	0.01	24,870	1222
HOSKINS	0.01	24,870	1223
BYRNE	0.01	24,870	1224
MILTON	0.01	24,870	1225
WINSTON	0.01	24,870	1226
ARTHUR	0.01	24,870	1227
ARIAS	0.01	24,870	1228
STANFORD	0.01	24,870	1229
ROE	0.01	24,870	1230
CORBIN	0.01	24,870	1231
BELTRAN	0.01	24,870	1232
CHAPPELL	0.01	24,870	1233
HURT	0.01	24,870	1234
DOWNEY	0.01	24,870	1235
DOOLEY	0.01	24,870	1236
TUTTLE	0.01	24,870	1237
COUCH	0.01	24,870	1238
PAYTON	0.01	24,870	1239
MCELROY	0.01	24,870	1240
CROCKETT	0.01	24,870	1241
GROVES	0.01	24,870	1242
CLEMENT	0.01	24,870	1243
LESLIE	0.01	24,870	1244
CARTWRIGHT	0.01	24,870	1245
DICKEY	0.01	24,870	1246
MCGILL	0.01	24,870	1247
DUBOIS	0.01	24,870	1248
MUNIZ	0.01	24,870	1249
ERWIN	0.01	24,870	1250
SELF	0.01	24,870	1251
TOLBERT	0.01	24,870	1252
DEMPSEY	0.01	24,870	1253
CISNEROS	0.01	24,870	1254
SEWELL	0.01	24,870	1255
LATHAM	0.01	24,870	1256
GARLAND	0.01	24,870	1257
VIGIL	0.01	24,870	1258
TAPIA	0.01	24,870	1259
STERLING	0.01	24,870	1260
RAINEY	0.01	24,870	1261
NORWOOD	0.01	24,870	1262
LACY	0.01	24,870	1263
STROUD	0.01	24,870	1264
MEADE	0.01	24,870	1265
AMOS	0.01	24,870	1266
TIPTON	0.01	24,870	1267
LORD	0.01	24,870	1268
KUHN	0.01	24,870	1269
HILLIARD	0.01	24,870	1270
BONILLA	0.01	24,870	1271
TEAGUE	0.01	24,870	1272
COURTNEY	0.01	24,870	1273
GUNN	0.01	24,870	1274
HO	0.01	24,870	1275
GREENWOOD	0.01	24,870	1276
CORREA	0.01	24,870	1277
REECE	0.01	24,870	1278
WESTON	0.01	24,870	1279
POE	0.01	24,870	1280
TRENT	0.01	24,870	1281
PINEDA	0.01	24,870	1282
PHIPPS	0.01	24,870	1283
FREY	0.01	24,870	1284
KAISER	0.01	24,870	1285
AMES	0.01	24,870	1286
PAIGE	0.01	24,870	1287
GUNTER	0.01	24,870	1288
SCHMITT	0.01	24,870	1289
MILLIGAN	0.01	24,870	1290
ESPINOSA	0.01	24,870	1291
CARLTON	0.01	24,870	1292
BOWDEN	0.01	24,870	1293
VICKERS	0.01	24,870	1294
LOWRY	0.01	24,870	1295
PRITCHARD	0.01	24,870	1296
COSTELLO	0.01	24,870	1297
PIPER	0.009	22,383	1298
MCCLELLAN	0.009	22,383	1299
LOVELL	0.009	22,383	1300
DREW	0.009	22,383	1301
SHEEHAN	0.009	22,383	1302
QUICK	0.009	22,383	1303
HATCH	0.009	22,383	1304
DOBSON	0.009	22,383	1305
SINGH	0.009	22,383	1306
JEFFRIES	0.009	22,383	1307
HOLLINGSWORTH	0.009	22,383	1308
SORENSEN	0.009	22,383	1309
MEZA	0.009	22,383	1310
FINK	0.009	22,383	1311
DONNELLY	0.009	22,383	1312
BURRELL	0.009	22,383	1313
BRUNO	0.009	22,383	1314
TOMLINSON	0.009	22,383	1315
COLBERT	0.009	22,383	1316
BILLINGS	0.009	22,383	1317
RITCHIE	0.009	22,383	1318
HELTON	0.009	22,383	1319
SUTHERLAND	0.009	22,383	1320
PEOPLES	0.009	22,383	1321
MCQUEEN	0.009	22,383	1322
GASTON	0.009	22,383	1323
THOMASON	0.009	22,383	1324
MCKINLEY	0.009	22,383	1325
GIVENS	0.009	22,383	1326
CROCKER	0.009	22,383	1327
VOGEL	0.009	22,383	1328
ROBISON	0.009	22,383	1329
DUNHAM	0.009	22,383	1330
COKER	0.009	22,383	1331
SWARTZ	0.009	22,383	1332
KEYS	0.009	22,383	1333
LILLY	0.009	22,383	1334
LADNER	0.009	22,383	1335
HANNAH	0.009	22,383	1336
WILLARD	0.009	22,383	1337
RICHTER	0.009	22,383	1338
HARGROVE	0.009	22,383	1339
EDMONDS	0.009	22,383	1340
BRANTLEY	0.009	22,383	1341
ALBRIGHT	0.009	22,383	1342
MURDOCK	0.009	22,383	1343
BOSWELL	0.009	22,383	1344
MULLER	0.009	22,383	1345
QUINTERO	0.009	22,383	1346
PADGETT	0.009	22,383	1347
KENNEY	0.009	22,383	1348
DALY	0.009	22,383	1349
CONNOLLY	0.009	22,383	1350
PIERRE	0.009	22,383	1351
INMAN	0.009	22,383	1352
QUINTANA	0.009	22,383	1353
LUND	0.009	22,383	1354
BARNARD	0.009	22,383	1355
VILLEGAS	0.009	22,383	1356
SIMONS	0.009	22,383	1357
LAND	0.009	22,383	1358
HUGGINS	0.009	22,383	1359
TIDWELL	0.009	22,383	1360
SANDERSON	0.009	22,383	1361
BULLARD	0.009	22,383	1362
MCCLENDON	0.009	22,383	1363
DUARTE	0.009	22,383	1364
DRAPER	0.009	22,383	1365
MEREDITH	0.009	22,383	1366
MARRERO	0.009	22,383	1367
DWYER	0.009	22,383	1368
ABRAMS	0.009	22,383	1369
STOVER	0.009	22,383	1370
GOODE	0.009	22,383	1371
FRASER	0.009	22,383	1372
CREWS	0.009	22,383	1373
BERNAL	0.009	22,383	1374
SMILEY	0.009	22,383	1375
GODWIN	0.009	22,383	1376
FISH	0.009	22,383	1377
CONKLIN	0.009	22,383	1378
MCNEAL	0.009	22,383	1379
BACA	0.009	22,383	1380
ESPARZA	0.009	22,383	1381
CROWDER	0.009	22,383	1382
BOWER	0.009	22,383	1383
NICHOLAS	0.009	22,383	1384
CHUNG	0.009	22,383	1385
BREWSTER	0.009	22,383	1386
MCNEILL	0.009	22,383	1387
DICK	0.009	22,383	1388
RODRIGUES	0.009	22,383	1389
LEAL	0.009	22,383	1390
COATES	0.009	22,383	1391
RAINES	0.009	22,383	1392
MCCAIN	0.009	22,383	1393
MCCORD	0.009	22,383	1394
MINER	0.009	22,383	1395
HOLBROOK	0.009	22,383	1396
SWIFT	0.009	22,383	1397
DUKES	0.009	22,383	1398
CARLISLE	0.009	22,383	1399
ALDRIDGE	0.009	22,383	1400
ACKERMAN	0.009	22,383	1401
STARKS	0.009	22,383	1402
RICKS	0.009	22,383	1403
HOLLIDAY	0.009	22,383	1404
FERRIS	0.009	22,383	1405
HAIRSTON	0.009	22,383	1406
SHEFFIELD	0.009	22,383	1407
LANGE	0.009	22,383	1408
FOUNTAIN	0.009	22,383	1409
MARINO	0.009	22,383	1410
DOSS	0.009	22,383	1411
BETTS	0.009	22,383	1412
KAPLAN	0.009	22,383	1413
CARMICHAEL	0.009	22,383	1414
BLOOM	0.009	22,383	1415
RUFFIN	0.009	22,383	1416
PENN	0.009	22,383	1417
KERN	0.009	22,383	1418
BOWLES	0.009	22,383	1419
SIZEMORE	0.009	22,383	1420
LARKIN	0.009	22,383	1421
DUPREE	0.009	22,383	1422
JEWELL	0.009	22,383	1423
SILVER	0.009	22,383	1424
SEALS	0.009	22,383	1425
METCALF	0.009	22,383	1426
HUTCHISON	0.009	22,383	1427
HENLEY	0.009	22,383	1428
FARR	0.009	22,383	1429
CASTLE	0.009	22,383	1430
MCCAULEY	0.009	22,383	1431
HANKINS	0.009	22,383	1432
GUSTAFSON	0.009	22,383	1433
DEAL	0.009	22,383	1434
CURRAN	0.009	22,383	1435
ASH	0.009	22,383	1436
WADDELL	0.009	22,383	1437
RAMEY	0.009	22,383	1438
CATES	0.009	22,383	1439
POLLOCK	0.009	22,383	1440
MAJOR	0.009	22,383	1441
IRVIN	0.009	22,383	1442
CUMMINS	0.009	22,383	1443
MESSER	0.009	22,383	1444
HELLER	0.009	22,383	1445
DEWITT	0.009	22,383	1446
LIN	0.009	22,383	1447
FUNK	0.009	22,383	1448
CORNETT	0.009	22,383	1449
PALACIOS	0.009	22,383	1450
GALINDO	0.009	22,383	1451
CANO	0.009	22,383	1452
HATHAWAY	0.009	22,383	1453
SINGER	0.008	19,896	1454
PHAM	0.008	19,896	1455
ENRIQUEZ	0.008	19,896	1456
AARON	0.008	19,896	1457
SALGADO	0.008	19,896	1458
PELLETIER	0.008	19,896	1459
PAINTER	0.008	19,896	1460
WISEMAN	0.008	19,896	1461
BLOUNT	0.008	19,896	1462
HAND	0.008	19,896	1463
FELICIANO	0.008	19,896	1464
TEMPLE	0.008	19,896	1465
HOUSER	0.008	19,896	1466
DOHERTY	0.008	19,896	1467
MEAD	0.008	19,896	1468
MCGRAW	0.008	19,896	1469
TONEY	0.008	19,896	1470
SWAN	0.008	19,896	1471
MELVIN	0.008	19,896	1472
CAPPS	0.008	19,896	1473
BLANCO	0.008	19,896	1474
BLACKMON	0.008	19,896	1475
WESLEY	0.008	19,896	1476
THOMSON	0.008	19,896	1477
MCMANUS	0.008	19,896	1478
FAIR	0.008	19,896	1479
BURKETT	0.008	19,896	1480
POST	0.008	19,896	1481
GLEASON	0.008	19,896	1482
RUDOLPH	0.008	19,896	1483
OTT	0.008	19,896	1484
DICKENS	0.008	19,896	1485
CORMIER	0.008	19,896	1486
VOSS	0.008	19,896	1487
RUSHING	0.008	19,896	1488
ROSENBERG	0.008	19,896	1489
HURD	0.008	19,896	1490
DUMAS	0.008	19,896	1491
BENITEZ	0.008	19,896	1492
ARELLANO	0.008	19,896	1493
STORY	0.008	19,896	1494
MARIN	0.008	19,896	1495
CAUDILL	0.008	19,896	1496
BRAGG	0.008	19,896	1497
JARAMILLO	0.008	19,896	1498
HUERTA	0.008	19,896	1499
GIPSON	0.008	19,896	1500
COLVIN	0.008	19,896	1501
BIGGS	0.008	19,896	1502
VELA	0.008	19,896	1503
PLATT	0.008	19,896	1504
CASSIDY	0.008	19,896	1505
TOMPKINS	0.008	19,896	1506
MCCOLLUM	0.008	19,896	1507
KAY	0.008	19,896	1508
GABRIEL	0.008	19,896	1509
DOLAN	0.008	19,896	1510
DALEY	0.008	19,896	1511
CRUMP	0.008	19,896	1512
STREET	0.008	19,896	1513
SNEED	0.008	19,896	1514
KILGORE	0.008	19,896	1515
GROVE	0.008	19,896	1516
GRIMM	0.008	19,896	1517
DAVISON	0.008	19,896	1518
BRUNSON	0.008	19,896	1519
PRATER	0.008	19,896	1520
MARCUM	0.008	19,896	1521
DEVINE	0.008	19,896	1522
KYLE	0.008	19,896	1523
DODGE	0.008	19,896	1524
STRATTON	0.008	19,896	1525
ROSAS	0.008	19,896	1526
CHOI	0.008	19,896	1527
TRIPP	0.008	19,896	1528
LEDBETTER	0.008	19,896	1529
LAY	0.008	19,896	1530
HIGHTOWER	0.008	19,896	1531
HAYWOOD	0.008	19,896	1532
FELDMAN	0.008	19,896	1533
EPPS	0.008	19,896	1534
YEAGER	0.008	19,896	1535
POSEY	0.008	19,896	1536
SYLVESTER	0.008	19,896	1537
SCRUGGS	0.008	19,896	1538
COPE	0.008	19,896	1539
STUBBS	0.008	19,896	1540
RICHEY	0.008	19,896	1541
OVERTON	0.008	19,896	1542
TROTTER	0.008	19,896	1543
SPRAGUE	0.008	19,896	1544
CORDERO	0.008	19,896	1545
BUTCHER	0.008	19,896	1546
BURGER	0.008	19,896	1547
STILES	0.008	19,896	1548
BURGOS	0.008	19,896	1549
WOODSON	0.008	19,896	1550
HORNER	0.008	19,896	1551
BASSETT	0.008	19,896	1552
PURCELL	0.008	19,896	1553
HASKINS	0.008	19,896	1554
GEE	0.008	19,896	1555
AKINS	0.008	19,896	1556
ABRAHAM	0.008	19,896	1557
HOYT	0.008	19,896	1558
ZIEGLER	0.008	19,896	1559
SPAULDING	0.008	19,896	1560
HADLEY	0.008	19,896	1561
GRUBBS	0.008	19,896	1562
SUMNER	0.008	19,896	1563
MURILLO	0.008	19,896	1564
ZAVALA	0.008	19,896	1565
SHOOK	0.008	19,896	1566
LOCKWOOD	0.008	19,896	1567
JARRETT	0.008	19,896	1568
DRISCOLL	0.008	19,896	1569
DAHL	0.008	19,896	1570
THORPE	0.008	19,896	1571
SHERIDAN	0.008	19,896	1572
REDMOND	0.008	19,896	1573
PUTNAM	0.008	19,896	1574
MCWILLIAMS	0.008	19,896	1575
MCRAE	0.008	19,896	1576
CORNELL	0.008	19,896	1577
FELTON	0.008	19,896	1578
ROMANO	0.008	19,896	1579
JOINER	0.008	19,896	1580
SADLER	0.008	19,896	1581
HEDRICK	0.008	19,896	1582
HAGER	0.008	19,896	1583
HAGEN	0.008	19,896	1584
FITCH	0.008	19,896	1585
COULTER	0.008	19,896	1586
THACKER	0.008	19,896	1587
MANSFIELD	0.008	19,896	1588
LANGSTON	0.008	19,896	1589
GUIDRY	0.008	19,896	1590
FERREIRA	0.008	19,896	1591
CORLEY	0.008	19,896	1592
CONN	0.008	19,896	1593
ROSSI	0.008	19,896	1594
LACKEY	0.008	19,896	1595
CODY	0.008	19,896	1596
BAEZ	0.008	19,896	1597
SAENZ	0.008	19,896	1598
MCNAMARA	0.008	19,896	1599
DARNELL	0.008	19,896	1600
MICHEL	0.008	19,896	1601
MCMULLEN	0.008	19,896	1602
MCKENNA	0.008	19,896	1603
MCDONOUGH	0.008	19,896	1604
LINK	0.008	19,896	1605
ENGEL	0.008	19,896	1606
BROWNE	0.008	19,896	1607
ROPER	0.008	19,896	1608
PEACOCK	0.008	19,896	1609
EUBANKS	0.008	19,896	1610
DRUMMOND	0.008	19,896	1611
STRINGER	0.008	19,896	1612
PRITCHETT	0.008	19,896	1613
PARHAM	0.008	19,896	1614
MIMS	0.008	19,896	1615
LANDERS	0.008	19,896	1616
HAM	0.008	19,896	1617
GRAYSON	0.008	19,896	1618
STACY	0.008	19,896	1619
SCHAFER	0.008	19,896	1620
EGAN	0.008	19,896	1621
TIMMONS	0.008	19,896	1622
OHARA	0.008	19,896	1623
KEEN	0.008	19,896	1624
HAMLIN	0.008	19,896	1625
FINN	0.008	19,896	1626
CORTES	0.008	19,896	1627
MCNAIR	0.008	19,896	1628
LOUIS	0.008	19,896	1629
CLIFFORD	0.008	19,896	1630
NADEAU	0.008	19,896	1631
MOSELEY	0.008	19,896	1632
MICHAUD	0.008	19,896	1633
ROSEN	0.008	19,896	1634
OAKES	0.008	19,896	1635
KURTZ	0.008	19,896	1636
JEFFERS	0.008	19,896	1637
CALLOWAY	0.008	19,896	1638
BEAL	0.008	19,896	1639
BAUTISTA	0.008	19,896	1640
WINN	0.008	19,896	1641
SUGGS	0.008	19,896	1642
STERN	0.008	19,896	1643
STAPLETON	0.008	19,896	1644
LYLES	0.008	19,896	1645
LAIRD	0.008	19,896	1646
MONTANO	0.008	19,896	1647
DIAMOND	0.008	19,896	1648
DAWKINS	0.008	19,896	1649
ROLAND	0.008	19,896	1650
HAGAN	0.008	19,896	1651
GOLDMAN	0.008	19,896	1652
BRYSON	0.008	19,896	1653
BARAJAS	0.008	19,896	1654
LOVETT	0.008	19,896	1655
SEGURA	0.008	19,896	1656
METZ	0.008	19,896	1657
LOCKETT	0.008	19,896	1658
LANGFORD	0.008	19,896	1659
HINSON	0.008	19,896	1660
EASTMAN	0.008	19,896	1661
ROCK	0.008	19,896	1662
HOOKS	0.008	19,896	1663
WOODY	0.007	17,409	1664
SMALLWOOD	0.007	17,409	1665
SHAPIRO	0.007	17,409	1666
CROWELL	0.007	17,409	1667
WHALEN	0.007	17,409	1668
TRIPLETT	0.007	17,409	1669
HOOKER	0.007	17,409	1670
CHATMAN	0.007	17,409	1671
ALDRICH	0.007	17,409	1672
CAHILL	0.007	17,409	1673
YOUNGBLOOD	0.007	17,409	1674
YBARRA	0.007	17,409	1675
STALLINGS	0.007	17,409	1676
SHEETS	0.007	17,409	1677
SAMUEL	0.007	17,409	1678
REEDER	0.007	17,409	1679
PERSON	0.007	17,409	1680
PACK	0.007	17,409	1681
LACEY	0.007	17,409	1682
CONNELLY	0.007	17,409	1683
BATEMAN	0.007	17,409	1684
ABERNATHY	0.007	17,409	1685
WINKLER	0.007	17,409	1686
WILKES	0.007	17,409	1687
MASTERS	0.007	17,409	1688
HACKETT	0.007	17,409	1689
GRANGER	0.007	17,409	1690
GILLIS	0.007	17,409	1691
SCHMITZ	0.007	17,409	1692
SAPP	0.007	17,409	1693
NAPIER	0.007	17,409	1694
SOUZA	0.007	17,409	1695
LANIER	0.007	17,409	1696
GOMES	0.007	17,409	1697
WEIR	0.007	17,409	1698
OTERO	0.007	17,409	1699
LEDFORD	0.007	17,409	1700
BURROUGHS	0.007	17,409	1701
BABCOCK	0.007	17,409	1702
VENTURA	0.007	17,409	1703
SIEGEL	0.007	17,409	1704
DUGAN	0.007	17,409	1705
CLINTON	0.007	17,409	1706
CHRISTIE	0.007	17,409	1707
BLEDSOE	0.007	17,409	1708
ATWOOD	0.007	17,409	1709
WRAY	0.007	17,409	1710
VARNER	0.007	17,409	1711
SPANGLER	0.007	17,409	1712
OTTO	0.007	17,409	1713
ANAYA	0.007	17,409	1714
STALEY	0.007	17,409	1715
KRAFT	0.007	17,409	1716
FOURNIER	0.007	17,409	1717
EDDY	0.007	17,409	1718
BELANGER	0.007	17,409	1719
WOLFF	0.007	17,409	1720
THORNE	0.007	17,409	1721
BYNUM	0.007	17,409	1722
BURNETTE	0.007	17,409	1723
BOYKIN	0.007	17,409	1724
SWENSON	0.007	17,409	1725
PURVIS	0.007	17,409	1726
PINA	0.007	17,409	1727
KHAN	0.007	17,409	1728
DUVALL	0.007	17,409	1729
DARBY	0.007	17,409	1730
XIONG	0.007	17,409	1731
KAUFFMAN	0.007	17,409	1732
ALI	0.007	17,409	1733
YU	0.007	17,409	1734
HEALY	0.007	17,409	1735
ENGLE	0.007	17,409	1736
CORONA	0.007	17,409	1737
BENOIT	0.007	17,409	1738
VALLE	0.007	17,409	1739
STEINER	0.007	17,409	1740
SPICER	0.007	17,409	1741
SHAVER	0.007	17,409	1742
RANDLE	0.007	17,409	1743
LUNDY	0.007	17,409	1744
DOW	0.007	17,409	1745
CHIN	0.007	17,409	1746
CALVERT	0.007	17,409	1747
STATON	0.007	17,409	1748
NEFF	0.007	17,409	1749
KEARNEY	0.007	17,409	1750
DARDEN	0.007	17,409	1751
OAKLEY	0.007	17,409	1752
MEDEIROS	0.007	17,409	1753
MCCRACKEN	0.007	17,409	1754
CRENSHAW	0.007	17,409	1755
BLOCK	0.007	17,409	1756
BEAVER	0.007	17,409	1757
PERDUE	0.007	17,409	1758
DILL	0.007	17,409	1759
WHITTAKER	0.007	17,409	1760
TOBIN	0.007	17,409	1761
CORNELIUS	0.007	17,409	1762
WASHBURN	0.007	17,409	1763
HOGUE	0.007	17,409	1764
GOODRICH	0.007	17,409	1765
EASLEY	0.007	17,409	1766
BRAVO	0.007	17,409	1767
DENNISON	0.007	17,409	1768
VERA	0.007	17,409	1769
SHIPLEY	0.007	17,409	1770
KERNS	0.007	17,409	1771
JORGENSEN	0.007	17,409	1772
CRAIN	0.007	17,409	1773
ABEL	0.007	17,409	1774
VILLALOBOS	0.007	17,409	1775
MAURER	0.007	17,409	1776
LONGORIA	0.007	17,409	1777
KEENE	0.007	17,409	1778
COON	0.007	17,409	1779
SIERRA	0.007	17,409	1780
WITHERSPOON	0.007	17,409	1781
STAPLES	0.007	17,409	1782
PETTIT	0.007	17,409	1783
KINCAID	0.007	17,409	1784
EASON	0.007	17,409	1785
MADRID	0.007	17,409	1786
ECHOLS	0.007	17,409	1787
LUSK	0.007	17,409	1788
WU	0.007	17,409	1789
STAHL	0.007	17,409	1790
CURRIE	0.007	17,409	1791
THAYER	0.007	17,409	1792
SHULTZ	0.007	17,409	1793
SHERWOOD	0.007	17,409	1794
MCNALLY	0.007	17,409	1795
SEAY	0.007	17,409	1796
NORTH	0.007	17,409	1797
MAHER	0.007	17,409	1798
KENNY	0.007	17,409	1799
HOPE	0.007	17,409	1800
GAGNE	0.007	17,409	1801
BARROW	0.007	17,409	1802
NAVA	0.007	17,409	1803
MYLES	0.007	17,409	1804
MORELAND	0.007	17,409	1805
HONEYCUTT	0.007	17,409	1806
HEARN	0.007	17,409	1807
DIGGS	0.007	17,409	1808
CARON	0.007	17,409	1809
WHITTEN	0.007	17,409	1810
WESTBROOK	0.007	17,409	1811
STOVALL	0.007	17,409	1812
RAGLAND	0.007	17,409	1813
QUEEN	0.007	17,409	1814
MUNSON	0.007	17,409	1815
MEIER	0.007	17,409	1816
LOONEY	0.007	17,409	1817
KIMBLE	0.007	17,409	1818
JOLLY	0.007	17,409	1819
HOBSON	0.007	17,409	1820
LONDON	0.007	17,409	1821
GODDARD	0.007	17,409	1822
CULVER	0.007	17,409	1823
BURR	0.007	17,409	1824
PRESLEY	0.007	17,409	1825
NEGRON	0.007	17,409	1826
CONNELL	0.007	17,409	1827
TOVAR	0.007	17,409	1828
MARCUS	0.007	17,409	1829
HUDDLESTON	0.007	17,409	1830
HAMMER	0.007	17,409	1831
ASHBY	0.007	17,409	1832
SALTER	0.007	17,409	1833
ROOT	0.007	17,409	1834
PENDLETON	0.007	17,409	1835
OLEARY	0.007	17,409	1836
NICKERSON	0.007	17,409	1837
MYRICK	0.007	17,409	1838
JUDD	0.007	17,409	1839
JACOBSEN	0.007	17,409	1840
ELLIOT	0.007	17,409	1841
BAIN	0.007	17,409	1842
ADAIR	0.007	17,409	1843
STARNES	0.007	17,409	1844
SHELDON	0.007	17,409	1845
MATOS	0.007	17,409	1846
LIGHT	0.007	17,409	1847
BUSBY	0.007	17,409	1848
HERNDON	0.007	17,409	1849
HANLEY	0.007	17,409	1850
BELLAMY	0.007	17,409	1851
JACK	0.007	17,409	1852
DOTY	0.007	17,409	1853
BARTLEY	0.007	17,409	1854
YAZZIE	0.007	17,409	1855
ROWELL	0.007	17,409	1856
PARSON	0.007	17,409	1857
GIFFORD	0.007	17,409	1858
CULLEN	0.007	17,409	1859
CHRISTIANSEN	0.007	17,409	1860
BENAVIDES	0.007	17,409	1861
BARNHART	0.007	17,409	1862
TALBOT	0.007	17,409	1863
MOCK	0.007	17,409	1864
CRANDALL	0.007	17,409	1865
CONNORS	0.007	17,409	1866
BONDS	0.007	17,409	1867
WHITT	0.007	17,409	1868
GAGE	0.007	17,409	1869
BERGMAN	0.007	17,409	1870
ARREDONDO	0.007	17,409	1871
ADDISON	0.007	17,409	1872
MARION	0.007	17,409	1873
LUJAN	0.007	17,409	1874
DOWDY	0.007	17,409	1875
JERNIGAN	0.007	17,409	1876
HUYNH	0.007	17,409	1877
BOUCHARD	0.007	17,409	1878
DUTTON	0.007	17,409	1879
RHOADES	0.007	17,409	1880
OUELLETTE	0.007	17,409	1881
KISER	0.007	17,409	1882
RUBIN	0.007	17,409	1883
HERRINGTON	0.007	17,409	1884
HARE	0.007	17,409	1885
DENNY	0.007	17,409	1886
BLACKMAN	0.007	17,409	1887
BABB	0.007	17,409	1888
ALLRED	0.007	17,409	1889
RUDD	0.007	17,409	1890
PAULSON	0.007	17,409	1891
OGDEN	0.007	17,409	1892
KOENIG	0.007	17,409	1893
JACOB	0.007	17,409	1894
IRVING	0.007	17,409	1895
GEIGER	0.007	17,409	1896
BEGAY	0.007	17,409	1897
PARRA	0.007	17,409	1898
CHAMPION	0.007	17,409	1899
LASSITER	0.007	17,409	1900
HAWK	0.007	17,409	1901
ESPOSITO	0.007	17,409	1902
CHO	0.007	17,409	1903
WALDRON	0.007	17,409	1904
VERNON	0.007	17,409	1905
RANSOM	0.007	17,409	1906
PRATHER	0.007	17,409	1907
KEENAN	0.007	17,409	1908
JEAN	0.007	17,409	1909
GROVER	0.007	17,409	1910
CHACON	0.007	17,409	1911
VICK	0.007	17,409	1912
SANDS	0.007	17,409	1913
ROARK	0.007	17,409	1914
PARR	0.007	17,409	1915
MAYBERRY	0.007	17,409	1916
GREENBERG	0.007	17,409	1917
COLEY	0.007	17,409	1918
BRUNER	0.007	17,409	1919
WHITMAN	0.007	17,409	1920
SKAGGS	0.007	17,409	1921
SHIPMAN	0.007	17,409	1922
MEANS	0.007	17,409	1923
LEARY	0.007	17,409	1924
HUTTON	0.007	17,409	1925
ROMO	0.007	17,409	1926
MEDRANO	0.007	17,409	1927
LADD	0.007	17,409	1928
KRUSE	0.007	17,409	1929
FRIEND	0.007	17,409	1930
DARLING	0.007	17,409	1931
ASKEW	0.007	17,409	1932
VALENTIN	0.007	17,409	1933
SCHULZ	0.007	17,409	1934
ALFARO	0.007	17,409	1935
TABOR	0.007	17,409	1936
MOHR	0.007	17,409	1937
GALLO	0.007	17,409	1938
BERMUDEZ	0.007	17,409	1939
PEREIRA	0.007	17,409	1940
ISAAC	0.007	17,409	1941
BLISS	0.007	17,409	1942
REAVES	0.006	14,922	1943
FLINT	0.006	14,922	1944
COMER	0.006	14,922	1945
BOSTON	0.006	14,922	1946
WOODALL	0.006	14,922	1947
NAQUIN	0.006	14,922	1948
GUEVARA	0.006	14,922	1949
EARL	0.006	14,922	1950
DELONG	0.006	14,922	1951
CARRIER	0.006	14,922	1952
PICKENS	0.006	14,922	1953
BRAND	0.006	14,922	1954
TILLEY	0.006	14,922	1955
SCHAFFER	0.006	14,922	1956
READ	0.006	14,922	1957
LIM	0.006	14,922	1958
KNUTSON	0.006	14,922	1959
FENTON	0.006	14,922	1960
DORAN	0.006	14,922	1961
CHU	0.006	14,922	1962
VOGT	0.006	14,922	1963
VANN	0.006	14,922	1964
PRESCOTT	0.006	14,922	1965
MCLAIN	0.006	14,922	1966
LANDIS	0.006	14,922	1967
CORCORAN	0.006	14,922	1968
AMBROSE	0.006	14,922	1969
ZAPATA	0.006	14,922	1970
HYATT	0.006	14,922	1971
HEMPHILL	0.006	14,922	1972
FAULK	0.006	14,922	1973
CALL	0.006	14,922	1974
DOVE	0.006	14,922	1975
BOUDREAUX	0.006	14,922	1976
ARAGON	0.006	14,922	1977
WHITLOCK	0.006	14,922	1978
TREJO	0.006	14,922	1979
TACKETT	0.006	14,922	1980
SHEARER	0.006	14,922	1981
SALDANA	0.006	14,922	1982
HANKS	0.006	14,922	1983
GOLD	0.006	14,922	1984
DRIVER	0.006	14,922	1985
MCKINNON	0.006	14,922	1986
KOEHLER	0.006	14,922	1987
CHAMPAGNE	0.006	14,922	1988
BOURGEOIS	0.006	14,922	1989
POOL	0.006	14,922	1990
KEYES	0.006	14,922	1991
GOODSON	0.006	14,922	1992
FOOTE	0.006	14,922	1993
EARLY	0.006	14,922	1994
LUNSFORD	0.006	14,922	1995
GOLDSMITH	0.006	14,922	1996
FLOOD	0.006	14,922	1997
WINSLOW	0.006	14,922	1998
SAMS	0.006	14,922	1999
REAGAN	0.006	14,922	2000